"DESCRIPTION","DURATION IN MS","NAME","PARENT SUITE","START TIME","STATUS","STOP TIME","SUB SUITE","SUITE","TEST CLASS","TEST METHOD"
"","1657","Check displaying of dashboard page","LMS system","2026-09-29","passed","2026-09-29","Dashboard","Dashboard","",""
"","1365","Navigation from login page to registration page","LMS system","2026-09-29","passed","2026-09-29","Authorization","Authentication","",""
"","1946","Registration with correct email, username and password","LMS system","2026-09-29","passed","2026-09-29","Registration","Authentication","",""
"","4668","Edit course","LMS system","2026-09-29","passed","2026-09-29","Courses","Courses","",""
"","1681","User login with wrong email or password","LMS system","2026-09-29","passed","2026-09-29","Authorization","Authentication","",""
"","1627","User login with wrong email or password","LMS system","2026-09-29","passed","2026-09-29","Authorization","Authentication","",""
"","3119","Create course","LMS system","2026-09-29","passed","2026-09-29","Courses","Courses","",""
"","3158","User login with correct email and password","LMS system","2026-09-29","passed","2026-09-29","Authorization","Authentication","",""
"","1726","User login with wrong email or password","LMS system","2026-09-29","passed","2026-09-29","Authorization","Authentication","",""
"","1442","Check displaying of empty courses list","LMS system","2026-09-29","passed","2026-09-29","Courses","Courses","",""
